{"t_onboarding": 0.07670855522155762, "t_instantiation": 6.56607460975647}