{"t_onboarding": 0.07278561592102051, "t_instantiation": 5.9705421924591064}