{"t_onboarding": 0.07598185539245605, "t_instantiation": 6.363124370574951}