{"t_onboarding": 0.07674837112426758, "t_instantiation": 6.54970645904541}