{"t_onboarding": 0.07442951202392578, "t_instantiation": 6.629843473434448}