{"t_onboarding": 0.07501029968261719, "t_instantiation": 5.51128888130188}