{"t_onboarding": 0.07470417022705078, "t_instantiation": 6.252708196640015}