{"t_onboarding": 0.07687735557556152, "t_instantiation": 6.16179347038269}