{"t_onboarding": 0.06402802467346191, "t_instantiation": 6.44908332824707}