{"t_onboarding": 0.07527399063110352, "t_instantiation": 6.0489397048950195}