{"t_onboarding": 0.07438969612121582, "t_instantiation": 6.362215995788574}