{"t_onboarding": 0.07491469383239746, "t_instantiation": 6.292304277420044}