{"t_onboarding": 0.07596182823181152, "t_instantiation": 5.856675624847412}