{"t_onboarding": 0.0774698257446289, "t_instantiation": 6.550300121307373}