{"t_onboarding": 0.07248735427856445, "t_instantiation": 5.879753112792969}