{"t_onboarding": 0.07274055480957031, "t_instantiation": 5.907070875167847}