{"t_onboarding": 0.0738074779510498, "t_instantiation": 5.5979321002960205}