{"t_onboarding": 0.07515716552734375, "t_instantiation": 6.413567543029785}