{"t_onboarding": 0.076080322265625, "t_instantiation": 6.093630313873291}