{"t_onboarding": 0.07720518112182617, "t_instantiation": 5.7350523471832275}