{"t_onboarding": 0.06981539726257324, "t_instantiation": 5.808674335479736}