{"t_onboarding": 0.07338333129882812, "t_instantiation": 6.7023491859436035}