{"t_onboarding": 0.07368302345275879, "t_instantiation": 6.480473518371582}