{"t_onboarding": 0.06616711616516113, "t_instantiation": 5.550437927246094}