{"t_onboarding": 0.07289958000183105, "t_instantiation": 6.616046190261841}