{"t_onboarding": 0.07527542114257812, "t_instantiation": 6.110151767730713}