{"t_onboarding": 0.07373666763305664, "t_instantiation": 5.694610595703125}