{"t_onboarding": 0.07576155662536621, "t_instantiation": 5.909672021865845}