{"t_onboarding": 0.07491660118103027, "t_instantiation": 5.917020797729492}