{"t_onboarding": 0.07146692276000977, "t_instantiation": 6.316103935241699}