{"t_onboarding": 0.07283782958984375, "t_instantiation": 6.61775541305542}