{"t_onboarding": 0.07408404350280762, "t_instantiation": 7.285039186477661}