{"t_onboarding": 0.0772852897644043, "t_instantiation": 6.299112319946289}