{"t_onboarding": 0.07814621925354004, "t_instantiation": 6.2655556201934814}