{"t_onboarding": 0.07617592811584473, "t_instantiation": 6.253690242767334}