{"t_onboarding": 0.07378268241882324, "t_instantiation": 5.967097520828247}