{"t_onboarding": 0.0760183334350586, "t_instantiation": 6.295581340789795}