{"t_onboarding": 0.06889033317565918, "t_instantiation": 6.011615991592407}