{"t_onboarding": 0.07727885246276855, "t_instantiation": 6.37597918510437}