{"t_onboarding": 0.07408976554870605, "t_instantiation": 6.398487567901611}