{"t_onboarding": 0.07476639747619629, "t_instantiation": 5.73694634437561}