{"t_onboarding": 0.07395100593566895, "t_instantiation": 6.762962102890015}