{"t_onboarding": 0.07831931114196777, "t_instantiation": 6.411561489105225}