{"t_onboarding": 0.07581377029418945, "t_instantiation": 6.267009019851685}