{"t_onboarding": 0.07639551162719727, "t_instantiation": 6.30727481842041}