{"t_onboarding": 0.07356953620910645, "t_instantiation": 6.325941562652588}