{"t_onboarding": 0.07325124740600586, "t_instantiation": 6.508341312408447}