{"t_onboarding": 0.07670068740844727, "t_instantiation": 5.7826666831970215}