{"t_onboarding": 0.07573246955871582, "t_instantiation": 6.059959411621094}