{"t_onboarding": 0.0729677677154541, "t_instantiation": 7.0937886238098145}