{"t_onboarding": 0.07753753662109375, "t_instantiation": 6.54071307182312}