{"t_onboarding": 0.07400798797607422, "t_instantiation": 6.1379005908966064}