{"t_onboarding": 0.07251381874084473, "t_instantiation": 6.606923580169678}