{"t_onboarding": 0.0771336555480957, "t_instantiation": 6.184563875198364}