{"t_onboarding": 0.07443642616271973, "t_instantiation": 6.585193157196045}