{"t_onboarding": 0.0727684497833252, "t_instantiation": 6.095542907714844}