{"t_onboarding": 0.07694029808044434, "t_instantiation": 6.197631597518921}