{"t_onboarding": 0.0758211612701416, "t_instantiation": 6.505581617355347}