{"t_onboarding": 0.07750344276428223, "t_instantiation": 6.860003232955933}