{"t_onboarding": 0.0776057243347168, "t_instantiation": 6.155457019805908}