{"t_onboarding": 0.07315206527709961, "t_instantiation": 7.118329763412476}