{"t_onboarding": 0.07582569122314453, "t_instantiation": 6.60970401763916}