{"t_onboarding": 0.0809793472290039, "t_instantiation": 6.496269226074219}