{"t_onboarding": 0.0755157470703125, "t_instantiation": 6.549970626831055}