{"t_onboarding": 0.0780951976776123, "t_instantiation": 6.710566997528076}