{"t_onboarding": 0.07349371910095215, "t_instantiation": 5.890086650848389}