{"t_onboarding": 0.0716240406036377, "t_instantiation": 6.945116758346558}