{"t_onboarding": 0.0742189884185791, "t_instantiation": 6.5854880809783936}