{"t_onboarding": 0.06920933723449707, "t_instantiation": 6.18172550201416}