{"t_onboarding": 0.0764920711517334, "t_instantiation": 6.333625555038452}