{"t_onboarding": 0.07635664939880371, "t_instantiation": 6.247591733932495}