{"t_onboarding": 0.07701325416564941, "t_instantiation": 6.395745515823364}