{"t_onboarding": 0.07556509971618652, "t_instantiation": 6.4969751834869385}