{"t_onboarding": 0.07496452331542969, "t_instantiation": 6.64636754989624}