{"t_onboarding": 0.07554125785827637, "t_instantiation": 5.669804811477661}