{"t_onboarding": 0.07820343971252441, "t_instantiation": 5.760541677474976}