{"t_onboarding": 0.07722115516662598, "t_instantiation": 5.741069078445435}