{"t_onboarding": 0.07627296447753906, "t_instantiation": 6.129599094390869}