{"t_onboarding": 0.07428812980651855, "t_instantiation": 6.146864414215088}