{"t_onboarding": 0.07068324089050293, "t_instantiation": 6.580289602279663}