{"t_onboarding": 0.07439589500427246, "t_instantiation": 6.139506578445435}