{"t_onboarding": 0.07616925239562988, "t_instantiation": 6.1162097454071045}