{"t_onboarding": 0.07754230499267578, "t_instantiation": 6.0819995403289795}