{"t_onboarding": 0.07142210006713867, "t_instantiation": 5.6683478355407715}