{"t_onboarding": 0.07696270942687988, "t_instantiation": 6.300744533538818}