{"t_onboarding": 0.07352757453918457, "t_instantiation": 6.451475620269775}