{"t_onboarding": 0.07996392250061035, "t_instantiation": 6.0434184074401855}