{"t_onboarding": 0.0732579231262207, "t_instantiation": 5.8054468631744385}