{"t_onboarding": 0.0719904899597168, "t_instantiation": 5.818057298660278}