{"t_onboarding": 0.06970453262329102, "t_instantiation": 6.632801055908203}