{"t_onboarding": 0.07581305503845215, "t_instantiation": 6.159099102020264}