{"t_onboarding": 0.07687783241271973, "t_instantiation": 6.45745325088501}