{"t_onboarding": 0.07463407516479492, "t_instantiation": 6.329367160797119}