{"t_onboarding": 0.07467794418334961, "t_instantiation": 5.923893690109253}