{"t_onboarding": 0.07610464096069336, "t_instantiation": 6.143559694290161}