{"t_onboarding": 0.07868766784667969, "t_instantiation": 6.61557412147522}