{"t_onboarding": 0.07759451866149902, "t_instantiation": 5.858740329742432}