{"t_onboarding": 0.07384848594665527, "t_instantiation": 6.370003938674927}