{"t_onboarding": 0.07715392112731934, "t_instantiation": 5.899976015090942}