{"t_onboarding": 0.07164931297302246, "t_instantiation": 6.8279128074646}