{"t_onboarding": 0.07660675048828125, "t_instantiation": 5.508777141571045}