{"t_onboarding": 0.07132124900817871, "t_instantiation": 6.126527786254883}