{"t_onboarding": 0.07659387588500977, "t_instantiation": 6.028289556503296}