{"t_onboarding": 0.07723665237426758, "t_instantiation": 6.670811414718628}