{"t_onboarding": 0.07454657554626465, "t_instantiation": 6.959305763244629}