{"t_onboarding": 0.06910419464111328, "t_instantiation": 6.467448711395264}