{"t_onboarding": 0.08023405075073242, "t_instantiation": 6.208511829376221}