{"t_onboarding": 0.07599258422851562, "t_instantiation": 6.303597450256348}