{"t_onboarding": 0.07766199111938477, "t_instantiation": 6.403658151626587}