{"t_onboarding": 0.07987570762634277, "t_instantiation": 5.672823190689087}