{"t_onboarding": 0.07524299621582031, "t_instantiation": 6.626661062240601}