{"t_onboarding": 0.07351946830749512, "t_instantiation": 6.664132356643677}