{"t_onboarding": 0.07909703254699707, "t_instantiation": 6.458761930465698}