{"t_onboarding": 0.06831622123718262, "t_instantiation": 6.336167573928833}