{"t_onboarding": 0.0746161937713623, "t_instantiation": 6.578028440475464}