{"t_onboarding": 0.07294726371765137, "t_instantiation": 6.2923150062561035}