{"t_onboarding": 0.07506465911865234, "t_instantiation": 5.717498064041138}