{"t_onboarding": 0.07570910453796387, "t_instantiation": 6.208035945892334}