{"t_onboarding": 0.07329750061035156, "t_instantiation": 6.489838361740112}