{"t_onboarding": 0.07601118087768555, "t_instantiation": 6.427138566970825}