{"t_onboarding": 0.07570624351501465, "t_instantiation": 5.566162109375}