{"t_onboarding": 0.08257555961608887, "t_instantiation": 6.9558727741241455}