{"t_onboarding": 0.07529520988464355, "t_instantiation": 6.692385911941528}