{"t_onboarding": 0.0647273063659668, "t_instantiation": 6.308635711669922}