{"t_onboarding": 0.07372760772705078, "t_instantiation": 6.080747604370117}