{"t_onboarding": 0.07751250267028809, "t_instantiation": 6.229467153549194}