{"t_onboarding": 0.07672929763793945, "t_instantiation": 6.528112173080444}