{"t_onboarding": 0.06958365440368652, "t_instantiation": 5.793647289276123}