{"t_onboarding": 0.074798583984375, "t_instantiation": 6.383820295333862}