{"t_onboarding": 0.07931995391845703, "t_instantiation": 6.252741813659668}