{"t_onboarding": 0.07574152946472168, "t_instantiation": 6.466552495956421}