{"t_onboarding": 0.06638431549072266, "t_instantiation": 6.253494739532471}