{"t_onboarding": 0.07544898986816406, "t_instantiation": 6.4063591957092285}