{"t_onboarding": 0.07413101196289062, "t_instantiation": 6.053431749343872}