{"t_onboarding": 0.07787752151489258, "t_instantiation": 6.633519887924194}