{"t_onboarding": 0.0756373405456543, "t_instantiation": 6.918704032897949}