{"t_onboarding": 0.06691646575927734, "t_instantiation": 6.292979717254639}