{"t_onboarding": 0.07337403297424316, "t_instantiation": 5.799254417419434}