{"t_onboarding": 0.0736398696899414, "t_instantiation": 6.056271314620972}