{"t_onboarding": 0.0807349681854248, "t_instantiation": 5.849064826965332}