{"t_onboarding": 0.07235503196716309, "t_instantiation": 6.232712030410767}