{"t_onboarding": 0.06634283065795898, "t_instantiation": 5.6126708984375}