{"t_onboarding": 0.07892203330993652, "t_instantiation": 5.816437244415283}