{"t_onboarding": 0.07516622543334961, "t_instantiation": 6.254879713058472}