{"t_onboarding": 0.0755760669708252, "t_instantiation": 6.374568939208984}