{"t_onboarding": 0.07531142234802246, "t_instantiation": 5.995398998260498}