{"t_onboarding": 0.07661628723144531, "t_instantiation": 6.246188402175903}