{"t_onboarding": 0.07809209823608398, "t_instantiation": 6.63427996635437}