{"t_onboarding": 0.07515501976013184, "t_instantiation": 6.604573726654053}