{"t_onboarding": 0.07357382774353027, "t_instantiation": 6.173417568206787}