{"t_onboarding": 0.07409381866455078, "t_instantiation": 6.449748754501343}