{"t_onboarding": 0.07516026496887207, "t_instantiation": 6.375225782394409}