{"t_onboarding": 0.06843209266662598, "t_instantiation": 6.0508012771606445}