{"t_onboarding": 0.06427192687988281, "t_instantiation": 5.801499366760254}