{"t_onboarding": 0.07521462440490723, "t_instantiation": 6.420147657394409}