{"t_onboarding": 0.07300472259521484, "t_instantiation": 6.401617765426636}