{"t_onboarding": 0.07636713981628418, "t_instantiation": 6.113679885864258}