{"t_onboarding": 0.07400727272033691, "t_instantiation": 5.759951591491699}