{"t_onboarding": 0.07403111457824707, "t_instantiation": 6.296803951263428}