{"t_onboarding": 0.07662725448608398, "t_instantiation": 6.333879470825195}