{"t_onboarding": 0.07384753227233887, "t_instantiation": 6.259578466415405}