{"t_onboarding": 0.07411885261535645, "t_instantiation": 6.649022817611694}