{"t_onboarding": 0.07750058174133301, "t_instantiation": 6.179442405700684}