{"t_onboarding": 0.07647943496704102, "t_instantiation": 5.820857286453247}