{"t_onboarding": 0.07249903678894043, "t_instantiation": 6.498846530914307}