{"t_onboarding": 0.07762384414672852, "t_instantiation": 6.234884023666382}