{"t_onboarding": 0.07971453666687012, "t_instantiation": 6.146669626235962}