{"t_onboarding": 0.07529139518737793, "t_instantiation": 6.377056360244751}