{"t_onboarding": 0.07533049583435059, "t_instantiation": 5.77195930480957}