{"t_onboarding": 0.0760047435760498, "t_instantiation": 6.68312668800354}