{"t_onboarding": 0.06913208961486816, "t_instantiation": 5.81460165977478}