{"t_onboarding": 0.0758054256439209, "t_instantiation": 5.739602088928223}