{"t_onboarding": 0.0760796070098877, "t_instantiation": 6.388091087341309}