{"t_onboarding": 0.07844114303588867, "t_instantiation": 6.8230695724487305}