{"t_onboarding": 0.07592535018920898, "t_instantiation": 5.885927438735962}