{"t_onboarding": 0.0736241340637207, "t_instantiation": 6.760071754455566}