{"t_onboarding": 0.07612752914428711, "t_instantiation": 6.221654653549194}