{"t_onboarding": 0.07875561714172363, "t_instantiation": 6.814861536026001}