{"t_onboarding": 0.07309246063232422, "t_instantiation": 6.397653102874756}