{"t_onboarding": 0.07526969909667969, "t_instantiation": 6.618646144866943}