{"t_onboarding": 0.07299017906188965, "t_instantiation": 5.893763065338135}