{"t_onboarding": 0.07825422286987305, "t_instantiation": 6.569290399551392}