{"t_onboarding": 0.07495927810668945, "t_instantiation": 6.660130023956299}