{"t_onboarding": 0.07171225547790527, "t_instantiation": 6.415266036987305}