{"t_onboarding": 0.07456016540527344, "t_instantiation": 6.5939013957977295}