{"t_onboarding": 0.08047819137573242, "t_instantiation": 6.226815700531006}