{"t_onboarding": 0.07197785377502441, "t_instantiation": 5.800433158874512}