{"t_onboarding": 0.07212114334106445, "t_instantiation": 6.3467981815338135}