{"t_onboarding": 0.07766103744506836, "t_instantiation": 6.367790937423706}