{"t_onboarding": 0.0749063491821289, "t_instantiation": 6.651393890380859}