{"t_onboarding": 0.07541584968566895, "t_instantiation": 5.891261577606201}