{"t_onboarding": 0.07447481155395508, "t_instantiation": 5.817826509475708}