{"t_onboarding": 0.07589340209960938, "t_instantiation": 6.306480646133423}