{"t_onboarding": 0.07348513603210449, "t_instantiation": 5.837440729141235}