{"t_onboarding": 0.0744478702545166, "t_instantiation": 6.191401958465576}