{"t_onboarding": 0.07000923156738281, "t_instantiation": 5.851827383041382}