{"t_onboarding": 0.08101677894592285, "t_instantiation": 6.029247999191284}