{"t_onboarding": 0.07267928123474121, "t_instantiation": 5.845104455947876}