{"t_onboarding": 0.07903718948364258, "t_instantiation": 6.064652442932129}