{"t_onboarding": 0.07306671142578125, "t_instantiation": 6.563452959060669}