{"t_onboarding": 0.07646584510803223, "t_instantiation": 6.126950025558472}