{"t_onboarding": 0.07608199119567871, "t_instantiation": 5.684271335601807}