{"t_onboarding": 0.07535529136657715, "t_instantiation": 6.748481035232544}