{"t_onboarding": 0.07492756843566895, "t_instantiation": 6.037653923034668}