{"t_onboarding": 0.0739436149597168, "t_instantiation": 6.6834492683410645}