{"t_onboarding": 0.07477116584777832, "t_instantiation": 6.289621353149414}