{"t_onboarding": 0.07439351081848145, "t_instantiation": 6.411986827850342}