{"t_onboarding": 0.07362794876098633, "t_instantiation": 7.060022592544556}