{"t_onboarding": 0.07732319831848145, "t_instantiation": 6.378113508224487}