{"t_onboarding": 0.07745742797851562, "t_instantiation": 6.517013072967529}