{"t_onboarding": 0.07944822311401367, "t_instantiation": 6.053200006484985}