{"t_onboarding": 0.07282161712646484, "t_instantiation": 6.130296945571899}