{"t_onboarding": 0.0742185115814209, "t_instantiation": 6.489974498748779}