{"t_onboarding": 0.07733154296875, "t_instantiation": 6.127004384994507}