{"t_onboarding": 0.07805132865905762, "t_instantiation": 6.050556898117065}