{"t_onboarding": 0.0772397518157959, "t_instantiation": 6.2098541259765625}