{"t_onboarding": 0.0744166374206543, "t_instantiation": 6.618991136550903}