{"t_onboarding": 0.06828594207763672, "t_instantiation": 5.880356311798096}