{"t_onboarding": 0.07482266426086426, "t_instantiation": 6.638700723648071}