{"t_onboarding": 0.07570099830627441, "t_instantiation": 5.917457342147827}