{"t_onboarding": 0.07375574111938477, "t_instantiation": 6.125991106033325}