{"t_onboarding": 0.07571005821228027, "t_instantiation": 5.97505784034729}