{"t_onboarding": 0.0752410888671875, "t_instantiation": 6.051381349563599}