{"t_onboarding": 0.07593059539794922, "t_instantiation": 6.515518426895142}