{"t_onboarding": 0.07417440414428711, "t_instantiation": 6.2051842212677}