{"t_onboarding": 0.07004404067993164, "t_instantiation": 5.902626037597656}