{"t_onboarding": 0.07701754570007324, "t_instantiation": 6.316478967666626}