{"t_onboarding": 0.07839727401733398, "t_instantiation": 6.35814905166626}