{"t_onboarding": 0.08151865005493164, "t_instantiation": 6.255152940750122}