{"t_onboarding": 0.07426667213439941, "t_instantiation": 5.697582483291626}