{"t_onboarding": 0.07386398315429688, "t_instantiation": 6.386603832244873}