{"t_onboarding": 0.0757756233215332, "t_instantiation": 5.596977472305298}