{"t_onboarding": 0.07081079483032227, "t_instantiation": 6.029081106185913}