{"t_onboarding": 0.07464051246643066, "t_instantiation": 5.925507068634033}