{"t_onboarding": 0.07502055168151855, "t_instantiation": 6.024090051651001}