{"t_onboarding": 0.07281684875488281, "t_instantiation": 5.921464204788208}