{"t_onboarding": 0.07593441009521484, "t_instantiation": 6.314217805862427}