{"t_onboarding": 0.07669234275817871, "t_instantiation": 6.585949420928955}