{"t_onboarding": 0.07663607597351074, "t_instantiation": 6.244185924530029}