{"t_onboarding": 0.08035492897033691, "t_instantiation": 6.319963693618774}