{"t_onboarding": 0.06943511962890625, "t_instantiation": 6.196630954742432}