{"t_onboarding": 0.07749319076538086, "t_instantiation": 6.263488054275513}