{"t_onboarding": 0.07266592979431152, "t_instantiation": 6.752328157424927}