{"t_onboarding": 0.07382035255432129, "t_instantiation": 6.469333648681641}