{"t_onboarding": 0.07142281532287598, "t_instantiation": 5.532435178756714}