{"t_onboarding": 0.0663149356842041, "t_instantiation": 6.150416135787964}