{"t_onboarding": 0.07569026947021484, "t_instantiation": 6.661314487457275}