{"t_onboarding": 0.0740652084350586, "t_instantiation": 6.808630466461182}