{"t_onboarding": 0.0775136947631836, "t_instantiation": 5.982929468154907}