{"t_onboarding": 0.07674551010131836, "t_instantiation": 6.47155499458313}