{"t_onboarding": 0.0760040283203125, "t_instantiation": 6.279068946838379}