{"t_onboarding": 0.07149910926818848, "t_instantiation": 6.4817798137664795}