{"t_onboarding": 0.06729841232299805, "t_instantiation": 6.22894287109375}