{"t_onboarding": 0.07401895523071289, "t_instantiation": 5.815080642700195}