{"t_onboarding": 0.08130884170532227, "t_instantiation": 5.729574918746948}