{"t_onboarding": 0.07354497909545898, "t_instantiation": 5.8803019523620605}