{"t_onboarding": 0.07343459129333496, "t_instantiation": 6.199454307556152}