{"t_onboarding": 0.0746457576751709, "t_instantiation": 6.395800828933716}