{"t_onboarding": 0.0755770206451416, "t_instantiation": 5.807753324508667}