{"t_onboarding": 0.07614302635192871, "t_instantiation": 5.753523349761963}