{"t_onboarding": 0.07462668418884277, "t_instantiation": 6.3108131885528564}