{"t_onboarding": 0.07622623443603516, "t_instantiation": 6.089306116104126}