{"t_onboarding": 0.07409095764160156, "t_instantiation": 6.3723344802856445}