{"t_onboarding": 0.06447386741638184, "t_instantiation": 6.019588232040405}