{"t_onboarding": 0.07617783546447754, "t_instantiation": 6.564055442810059}