{"t_onboarding": 0.07535004615783691, "t_instantiation": 6.47256875038147}