{"t_onboarding": 0.07679033279418945, "t_instantiation": 5.812553882598877}