{"t_onboarding": 0.07510924339294434, "t_instantiation": 5.982964992523193}