{"t_onboarding": 0.07391571998596191, "t_instantiation": 5.9887213706970215}