{"t_onboarding": 0.0733950138092041, "t_instantiation": 6.634736776351929}