{"t_onboarding": 0.0765540599822998, "t_instantiation": 6.21689772605896}