{"t_onboarding": 0.07573127746582031, "t_instantiation": 6.38394021987915}