{"t_onboarding": 0.07576560974121094, "t_instantiation": 6.19444465637207}