{"t_onboarding": 0.07734560966491699, "t_instantiation": 6.19270920753479}