{"t_onboarding": 0.06651639938354492, "t_instantiation": 5.70416259765625}