{"t_onboarding": 0.07062125205993652, "t_instantiation": 6.3780529499053955}