{"t_onboarding": 0.07479596138000488, "t_instantiation": 6.097423076629639}