{"t_onboarding": 0.07622313499450684, "t_instantiation": 6.3797829151153564}