{"t_onboarding": 0.0737767219543457, "t_instantiation": 6.116767168045044}