{"t_onboarding": 0.07634162902832031, "t_instantiation": 6.433856964111328}