{"t_onboarding": 0.07312226295471191, "t_instantiation": 5.8182713985443115}