{"t_onboarding": 0.07448267936706543, "t_instantiation": 6.71331524848938}