{"t_onboarding": 0.08061599731445312, "t_instantiation": 6.524336338043213}