{"t_onboarding": 0.0771796703338623, "t_instantiation": 6.158046007156372}