{"t_onboarding": 0.07300114631652832, "t_instantiation": 6.507274866104126}