{"t_onboarding": 0.06786394119262695, "t_instantiation": 6.220723628997803}