{"t_onboarding": 0.07666254043579102, "t_instantiation": 6.854671478271484}