{"t_onboarding": 0.0768430233001709, "t_instantiation": 5.926893472671509}