{"t_onboarding": 0.07299613952636719, "t_instantiation": 6.258984565734863}