{"t_onboarding": 0.06912088394165039, "t_instantiation": 5.788809061050415}