{"t_onboarding": 0.07591557502746582, "t_instantiation": 6.110037326812744}