{"t_onboarding": 0.0744013786315918, "t_instantiation": 6.211249113082886}