{"t_onboarding": 0.0729837417602539, "t_instantiation": 6.477180242538452}