{"t_onboarding": 0.08118367195129395, "t_instantiation": 6.1905012130737305}