{"t_onboarding": 0.0744771957397461, "t_instantiation": 7.064704895019531}