{"t_onboarding": 0.07430648803710938, "t_instantiation": 6.375579595565796}