{"t_onboarding": 0.07391500473022461, "t_instantiation": 6.5083534717559814}