{"t_onboarding": 0.07653689384460449, "t_instantiation": 6.21606969833374}