{"t_onboarding": 0.0815894603729248, "t_instantiation": 5.58455753326416}