{"t_onboarding": 0.06437325477600098, "t_instantiation": 6.013260126113892}