{"t_onboarding": 0.07651829719543457, "t_instantiation": 6.341089725494385}