{"t_onboarding": 0.07639527320861816, "t_instantiation": 6.206212759017944}