{"t_onboarding": 0.07693910598754883, "t_instantiation": 6.2093939781188965}