{"t_onboarding": 0.07233762741088867, "t_instantiation": 6.740788698196411}