{"t_onboarding": 0.07435917854309082, "t_instantiation": 6.398446083068848}