{"t_onboarding": 0.0754697322845459, "t_instantiation": 6.085777997970581}