{"t_onboarding": 0.07896280288696289, "t_instantiation": 5.839293479919434}