{"t_onboarding": 0.07376289367675781, "t_instantiation": 6.032198905944824}