{"t_onboarding": 0.07632780075073242, "t_instantiation": 6.274685621261597}