{"t_onboarding": 0.07725071907043457, "t_instantiation": 5.646058559417725}