{"t_onboarding": 0.07877039909362793, "t_instantiation": 6.150564670562744}