{"t_onboarding": 0.06670761108398438, "t_instantiation": 6.218242645263672}