{"t_onboarding": 0.07503437995910645, "t_instantiation": 5.871333599090576}