{"t_onboarding": 0.07499313354492188, "t_instantiation": 6.842936277389526}