{"t_onboarding": 0.07372283935546875, "t_instantiation": 6.428953170776367}