{"t_onboarding": 0.07877683639526367, "t_instantiation": 6.158381938934326}