{"t_onboarding": 0.07216620445251465, "t_instantiation": 5.619828939437866}