{"t_onboarding": 0.06438565254211426, "t_instantiation": 6.459752559661865}