{"t_onboarding": 0.0738379955291748, "t_instantiation": 5.928588390350342}