{"t_onboarding": 0.07215523719787598, "t_instantiation": 6.271104335784912}