{"t_onboarding": 0.07621002197265625, "t_instantiation": 6.2491724491119385}