{"t_onboarding": 0.07243871688842773, "t_instantiation": 6.206642389297485}