{"t_onboarding": 0.07242536544799805, "t_instantiation": 5.580247402191162}