{"t_onboarding": 0.07335591316223145, "t_instantiation": 5.900072813034058}