{"t_onboarding": 0.07522726058959961, "t_instantiation": 6.267697334289551}