{"t_onboarding": 0.06350874900817871, "t_instantiation": 6.0535454750061035}