{"t_onboarding": 0.07724356651306152, "t_instantiation": 6.6062352657318115}