{"t_onboarding": 0.07543301582336426, "t_instantiation": 6.476184606552124}