{"t_onboarding": 0.07702350616455078, "t_instantiation": 6.007283926010132}