{"t_onboarding": 0.07568979263305664, "t_instantiation": 6.558272361755371}