{"t_onboarding": 0.07458019256591797, "t_instantiation": 6.703345060348511}