{"t_onboarding": 0.07676291465759277, "t_instantiation": 6.745346307754517}