{"t_onboarding": 0.07558035850524902, "t_instantiation": 6.142182111740112}