{"t_onboarding": 0.07573843002319336, "t_instantiation": 6.222979307174683}