{"t_onboarding": 0.07169604301452637, "t_instantiation": 6.520273923873901}