{"t_onboarding": 0.07535934448242188, "t_instantiation": 5.927783250808716}