{"t_onboarding": 0.07235002517700195, "t_instantiation": 6.867440700531006}