{"t_onboarding": 0.07871174812316895, "t_instantiation": 5.913070440292358}