{"t_onboarding": 0.07292938232421875, "t_instantiation": 6.258990287780762}