{"t_onboarding": 0.07307052612304688, "t_instantiation": 6.556660413742065}