{"t_onboarding": 0.08387541770935059, "t_instantiation": 6.209285020828247}