{"t_onboarding": 0.07464098930358887, "t_instantiation": 6.035138368606567}