{"t_onboarding": 0.0746150016784668, "t_instantiation": 6.370403528213501}