{"t_onboarding": 0.07575201988220215, "t_instantiation": 6.290111064910889}