{"t_onboarding": 0.07205700874328613, "t_instantiation": 6.3651018142700195}