{"t_onboarding": 0.07714676856994629, "t_instantiation": 6.179055690765381}