{"t_onboarding": 0.0747823715209961, "t_instantiation": 6.421513557434082}