{"t_onboarding": 0.07529425621032715, "t_instantiation": 6.703409910202026}