{"t_onboarding": 0.08540987968444824, "t_instantiation": 6.238965034484863}