{"t_onboarding": 0.06961178779602051, "t_instantiation": 6.478365421295166}