{"t_onboarding": 0.07632112503051758, "t_instantiation": 6.343177318572998}