{"t_onboarding": 0.07561373710632324, "t_instantiation": 6.772853374481201}