{"t_onboarding": 0.07393980026245117, "t_instantiation": 6.23979377746582}