{"t_onboarding": 0.07390713691711426, "t_instantiation": 6.1482298374176025}