{"t_onboarding": 0.07857871055603027, "t_instantiation": 6.429181337356567}