{"t_onboarding": 0.08049130439758301, "t_instantiation": 6.567842960357666}