{"t_onboarding": 0.07684540748596191, "t_instantiation": 6.3906636238098145}