{"t_onboarding": 0.07395505905151367, "t_instantiation": 6.563322305679321}