{"t_onboarding": 0.07379865646362305, "t_instantiation": 6.353079557418823}