{"t_onboarding": 0.07393240928649902, "t_instantiation": 6.5587379932403564}