{"t_onboarding": 0.07341480255126953, "t_instantiation": 5.660485744476318}