{"t_onboarding": 0.07323169708251953, "t_instantiation": 6.089040040969849}