{"t_onboarding": 0.08980751037597656, "t_instantiation": 6.959070205688477}