{"t_onboarding": 0.07626795768737793, "t_instantiation": 5.79094934463501}