{"t_onboarding": 0.07788372039794922, "t_instantiation": 6.0788044929504395}