{"t_onboarding": 0.07428956031799316, "t_instantiation": 6.570262670516968}