{"t_onboarding": 0.07609796524047852, "t_instantiation": 6.313220024108887}