{"t_onboarding": 0.07545733451843262, "t_instantiation": 6.114233016967773}