{"t_onboarding": 0.07300376892089844, "t_instantiation": 6.549560546875}