{"t_onboarding": 0.07609701156616211, "t_instantiation": 5.804116487503052}