{"t_onboarding": 0.07755136489868164, "t_instantiation": 5.8420093059539795}