{"t_onboarding": 0.07663750648498535, "t_instantiation": 6.195148468017578}