{"t_onboarding": 0.0646977424621582, "t_instantiation": 5.8423261642456055}