{"t_onboarding": 0.0753023624420166, "t_instantiation": 6.381433486938477}