{"t_onboarding": 0.06767010688781738, "t_instantiation": 6.440556287765503}