{"t_onboarding": 0.0688028335571289, "t_instantiation": 5.8547093868255615}