{"t_onboarding": 0.07380366325378418, "t_instantiation": 6.255075454711914}