{"t_onboarding": 0.0752267837524414, "t_instantiation": 6.1210033893585205}