{"t_onboarding": 0.07171845436096191, "t_instantiation": 5.861469984054565}