{"t_onboarding": 0.07496094703674316, "t_instantiation": 5.865516901016235}