{"t_onboarding": 0.07373762130737305, "t_instantiation": 5.874357461929321}