{"t_onboarding": 0.07588934898376465, "t_instantiation": 6.223592281341553}