{"t_onboarding": 0.07280707359313965, "t_instantiation": 6.121570110321045}