{"t_onboarding": 0.07475423812866211, "t_instantiation": 5.906620025634766}