{"t_onboarding": 0.07357335090637207, "t_instantiation": 6.701589584350586}