{"t_onboarding": 0.07485508918762207, "t_instantiation": 6.513280153274536}