{"t_onboarding": 0.07343125343322754, "t_instantiation": 6.9606499671936035}