{"t_onboarding": 0.06803607940673828, "t_instantiation": 5.767436742782593}