{"t_onboarding": 0.07602596282958984, "t_instantiation": 6.102088928222656}