{"t_onboarding": 0.07500743865966797, "t_instantiation": 5.774165868759155}