{"t_onboarding": 0.07935714721679688, "t_instantiation": 6.6408302783966064}