{"t_onboarding": 0.0655205249786377, "t_instantiation": 6.589592933654785}