{"t_onboarding": 0.06834077835083008, "t_instantiation": 6.5877299308776855}