{"t_onboarding": 0.06871151924133301, "t_instantiation": 6.288882732391357}