{"t_onboarding": 0.07887840270996094, "t_instantiation": 6.161146879196167}