{"t_onboarding": 0.07797980308532715, "t_instantiation": 6.510516881942749}