{"t_onboarding": 0.08492660522460938, "t_instantiation": 6.141573190689087}