{"t_onboarding": 0.0783383846282959, "t_instantiation": 6.328812599182129}