{"t_onboarding": 0.06432271003723145, "t_instantiation": 6.703826904296875}