{"t_onboarding": 0.07650423049926758, "t_instantiation": 5.582016706466675}