{"t_onboarding": 0.07135653495788574, "t_instantiation": 6.981115341186523}