{"t_onboarding": 0.07684946060180664, "t_instantiation": 6.473687171936035}