{"t_onboarding": 0.07510018348693848, "t_instantiation": 6.6109325885772705}