{"t_onboarding": 0.0754091739654541, "t_instantiation": 6.080640077590942}