{"t_onboarding": 0.07306241989135742, "t_instantiation": 6.9148547649383545}