{"t_onboarding": 0.0822603702545166, "t_instantiation": 5.807968854904175}