{"t_onboarding": 0.0751943588256836, "t_instantiation": 6.4493632316589355}