{"t_onboarding": 0.07618308067321777, "t_instantiation": 6.3998472690582275}