{"t_onboarding": 0.07709336280822754, "t_instantiation": 6.5033791065216064}