{"t_onboarding": 0.07428216934204102, "t_instantiation": 6.793726682662964}