{"t_onboarding": 0.07870745658874512, "t_instantiation": 6.333695650100708}