{"t_onboarding": 0.0771017074584961, "t_instantiation": 6.624318838119507}