{"t_onboarding": 0.0750572681427002, "t_instantiation": 6.767055034637451}