{"t_onboarding": 0.07609057426452637, "t_instantiation": 5.771512508392334}