{"t_onboarding": 0.07517862319946289, "t_instantiation": 6.754310607910156}