{"t_onboarding": 0.07466435432434082, "t_instantiation": 6.2836339473724365}