{"t_onboarding": 0.0751645565032959, "t_instantiation": 5.7962822914123535}