{"t_onboarding": 0.07257604598999023, "t_instantiation": 6.155401706695557}