{"t_onboarding": 0.07673454284667969, "t_instantiation": 6.216427326202393}