{"t_onboarding": 0.06517267227172852, "t_instantiation": 5.69151496887207}