{"t_onboarding": 0.07600641250610352, "t_instantiation": 6.7049031257629395}