{"t_onboarding": 0.07289552688598633, "t_instantiation": 6.4609129428863525}