{"t_onboarding": 0.07521986961364746, "t_instantiation": 6.484140396118164}