{"t_onboarding": 0.07332754135131836, "t_instantiation": 6.511882781982422}