{"t_onboarding": 0.07304978370666504, "t_instantiation": 6.937597751617432}