{"t_onboarding": 0.07532596588134766, "t_instantiation": 6.279169797897339}