{"t_onboarding": 0.07419657707214355, "t_instantiation": 6.59270977973938}