{"t_onboarding": 0.07640266418457031, "t_instantiation": 6.373797178268433}