{"t_onboarding": 0.0778813362121582, "t_instantiation": 6.677506923675537}