{"t_onboarding": 0.07421708106994629, "t_instantiation": 6.329485177993774}