{"t_onboarding": 0.0798797607421875, "t_instantiation": 6.263307571411133}