{"t_onboarding": 0.07737493515014648, "t_instantiation": 6.713905096054077}