{"t_onboarding": 0.07244467735290527, "t_instantiation": 5.789716005325317}