{"t_onboarding": 0.07483077049255371, "t_instantiation": 6.872066259384155}