{"t_onboarding": 0.07171130180358887, "t_instantiation": 6.336658716201782}