{"t_onboarding": 0.07586407661437988, "t_instantiation": 6.191159725189209}