{"t_onboarding": 0.07485151290893555, "t_instantiation": 6.535323858261108}