{"t_onboarding": 0.07641768455505371, "t_instantiation": 7.06165885925293}