{"t_onboarding": 0.07930135726928711, "t_instantiation": 5.794572591781616}