{"t_onboarding": 0.07503437995910645, "t_instantiation": 6.1844377517700195}