{"t_onboarding": 0.07519316673278809, "t_instantiation": 6.21012544631958}