{"t_onboarding": 0.07366609573364258, "t_instantiation": 6.96979284286499}