{"t_onboarding": 0.07625579833984375, "t_instantiation": 5.915619373321533}