{"t_onboarding": 0.07495498657226562, "t_instantiation": 6.638014316558838}