{"t_onboarding": 0.07317924499511719, "t_instantiation": 5.942479848861694}