{"t_onboarding": 0.07624220848083496, "t_instantiation": 5.947878360748291}