{"t_onboarding": 0.07792544364929199, "t_instantiation": 6.527358293533325}