{"t_onboarding": 0.07450723648071289, "t_instantiation": 6.416085720062256}