{"t_onboarding": 0.0750582218170166, "t_instantiation": 6.427100658416748}