{"t_onboarding": 0.07936739921569824, "t_instantiation": 5.981569290161133}