{"t_onboarding": 0.10886740684509277, "t_instantiation": 3.4183461666107178}