{"t_onboarding": 0.07544994354248047, "t_instantiation": 5.69770073890686}