{"t_onboarding": 0.07471394538879395, "t_instantiation": 6.63749361038208}