{"t_onboarding": 0.07692718505859375, "t_instantiation": 6.83268928527832}