{"t_onboarding": 0.07551169395446777, "t_instantiation": 6.359863519668579}