{"t_onboarding": 0.0773782730102539, "t_instantiation": 6.306564569473267}