{"t_onboarding": 0.07704448699951172, "t_instantiation": 6.424073934555054}