{"t_onboarding": 0.07777929306030273, "t_instantiation": 6.618846416473389}