{"t_onboarding": 0.07264471054077148, "t_instantiation": 6.612112760543823}