{"t_onboarding": 0.07611680030822754, "t_instantiation": 6.653643608093262}