{"t_onboarding": 0.07872724533081055, "t_instantiation": 6.0740110874176025}