{"t_onboarding": 0.07296991348266602, "t_instantiation": 5.937203645706177}