{"t_onboarding": 0.07629513740539551, "t_instantiation": 6.004741668701172}