{"t_onboarding": 0.07541966438293457, "t_instantiation": 5.9317827224731445}