{"t_onboarding": 0.07443833351135254, "t_instantiation": 6.3773393630981445}