{"t_onboarding": 0.07749414443969727, "t_instantiation": 6.631911277770996}