{"t_onboarding": 0.07607340812683105, "t_instantiation": 6.107490539550781}