{"t_onboarding": 0.07404351234436035, "t_instantiation": 6.455438852310181}