{"t_onboarding": 0.07817459106445312, "t_instantiation": 6.2407073974609375}