{"t_onboarding": 0.07551765441894531, "t_instantiation": 6.210448265075684}