{"t_onboarding": 0.07520198822021484, "t_instantiation": 5.962097644805908}