{"t_onboarding": 0.07333517074584961, "t_instantiation": 5.796916484832764}