{"t_onboarding": 0.08035564422607422, "t_instantiation": 6.165133476257324}