{"t_onboarding": 0.06845808029174805, "t_instantiation": 5.9425225257873535}