{"t_onboarding": 0.0731956958770752, "t_instantiation": 6.290152549743652}