{"t_onboarding": 0.07303118705749512, "t_instantiation": 5.992900609970093}