{"t_onboarding": 0.07536578178405762, "t_instantiation": 6.593493223190308}