{"t_onboarding": 0.08245849609375, "t_instantiation": 6.319596529006958}