{"t_onboarding": 0.08212995529174805, "t_instantiation": 6.435998439788818}