{"t_onboarding": 0.07498860359191895, "t_instantiation": 6.402228355407715}