{"t_onboarding": 0.07880234718322754, "t_instantiation": 6.334378719329834}