{"t_onboarding": 0.07593989372253418, "t_instantiation": 6.1434550285339355}