{"t_onboarding": 0.0677940845489502, "t_instantiation": 5.6262030601501465}