{"t_onboarding": 0.07401299476623535, "t_instantiation": 6.665942668914795}