{"t_onboarding": 0.07232785224914551, "t_instantiation": 6.184916734695435}