{"t_onboarding": 0.07686209678649902, "t_instantiation": 6.1213953495025635}