{"t_onboarding": 0.06448817253112793, "t_instantiation": 6.70161247253418}