{"t_onboarding": 0.07287096977233887, "t_instantiation": 5.635740518569946}