{"t_onboarding": 0.07506990432739258, "t_instantiation": 6.199578285217285}