{"t_onboarding": 0.07241392135620117, "t_instantiation": 6.724785804748535}