{"t_onboarding": 0.07705879211425781, "t_instantiation": 6.070237159729004}