{"t_onboarding": 0.077423095703125, "t_instantiation": 6.246250152587891}