{"t_onboarding": 0.07764482498168945, "t_instantiation": 5.692458868026733}