{"t_onboarding": 0.0734710693359375, "t_instantiation": 6.648591995239258}