{"t_onboarding": 0.07203078269958496, "t_instantiation": 6.209915399551392}