{"t_onboarding": 0.07512068748474121, "t_instantiation": 6.593849420547485}