{"t_onboarding": 0.07458901405334473, "t_instantiation": 6.2566938400268555}