{"t_onboarding": 0.0734548568725586, "t_instantiation": 6.6932899951934814}