{"t_onboarding": 0.07402443885803223, "t_instantiation": 6.460996389389038}