{"t_onboarding": 0.07662034034729004, "t_instantiation": 6.485105037689209}